[
  {
    "dict_sort": 1,
    "dict_label": "男",
    "dict_value": "0",
    "dict_type": "sys_user_sex",
    "dict_type_id": 1,
    "css_class": "blue",
    "list_class": null,
    "is_default": true,
    "status": "0",
    "description": "性别男"
  },
  {
    "dict_sort": 2,
    "dict_label": "女",
    "dict_value": "1",
    "dict_type": "sys_user_sex",
    "dict_type_id": 1,
    "css_class": "pink",
    "list_class": null,
    "is_default": false,
    "status": "0",
    "description": "性别女"
  },
  {
    "dict_sort": 3,
    "dict_label": "未知",
    "dict_value": "2",
    "dict_type": "sys_user_sex",
    "dict_type_id": 1,
    "css_class": "red",
    "list_class": null,
    "is_default": false,
    "status": "0",
    "description": "性别未知"
  },
  {
    "dict_sort": 1,
    "dict_label": "是",
    "dict_value": "1",
    "dict_type": "sys_yes_no",
    "dict_type_id": 2,
    "css_class": "",
    "list_class": "primary",
    "is_default": true,
    "status": "0",
    "description": "是"
  },
  {
    "dict_sort": 2,
    "dict_label": "否",
    "dict_value": "0",
    "dict_type": "sys_yes_no",
    "dict_type_id": 2,
    "css_class": "",
    "list_class": "danger",
    "is_default": false,
    "status": "0",
    "description": "否"
  },
  {
    "dict_sort": 1,
    "dict_label": "启用",
    "dict_value": "1",
    "dict_type": "sys_common_status",
    "dict_type_id": 3,
    "css_class": "",
    "list_class": "primary",
    "is_default": false,
    "status": "0",
    "description": "启用状态"
  },
  {
    "dict_sort": 2,
    "dict_label": "停用",
    "dict_value": "0",
    "dict_type": "sys_common_status",
    "dict_type_id": 3,
    "css_class": "",
    "list_class": "danger",
    "is_default": false,
    "status": "0",
    "description": "停用状态"
  },
  {
    "dict_sort": 1,
    "dict_label": "通知",
    "dict_value": "1",
    "dict_type": "sys_notice_type",
    "dict_type_id": 4,
    "css_class": "blue",
    "list_class": "warning",
    "is_default": true,
    "status": "0",
    "description": "通知"
  },
  {
    "dict_sort": 2,
    "dict_label": "公告",
    "dict_value": "2",
    "dict_type": "sys_notice_type",
    "dict_type_id": 4,
    "css_class": "orange",
    "list_class": "success",
    "is_default": false,
    "status": "0",
    "description": "公告"
  },
  {
    "dict_sort": 99,
    "dict_label": "其他",
    "dict_value": "0",
    "dict_type": "sys_oper_type",
    "dict_type_id": 5,
    "css_class": "",
    "list_class": "info",
    "is_default": false,
    "status": "0",
    "description": "其他操作"
  },
  {
    "dict_sort": 1,
    "dict_label": "新增",
    "dict_value": "1",
    "dict_type": "sys_oper_type",
    "dict_type_id": 5,
    "css_class": "",
    "list_class": "info",
    "is_default": false,
    "status": "0",
    "description": "新增操作"
  },
  {
    "dict_sort": 2,
    "dict_label": "修改",
    "dict_value": "2",
    "dict_type": "sys_oper_type",
    "dict_type_id": 5,
    "css_class": "",
    "list_class": "info",
    "is_default": false,
    "status": "0",
    "description": "修改操作"
  },
  {
    "dict_sort": 3,
    "dict_label": "删除",
    "dict_value": "3",
    "dict_type": "sys_oper_type",
    "dict_type_id": 5,
    "css_class": "",
    "list_class": "danger",
    "is_default": false,
    "status": "0",
    "description": "删除操作"
  },
  {
    "dict_sort": 4,
    "dict_label": "分配权限",
    "dict_value": "4",
    "dict_type": "sys_oper_type",
    "dict_type_id": 5,
    "css_class": "",
    "list_class": "primary",
    "is_default": false,
    "status": "0",
    "description": "授权操作"
  },
  {
    "dict_sort": 5,
    "dict_label": "导出",
    "dict_value": "5",
    "dict_type": "sys_oper_type",
    "dict_type_id": 5,
    "css_class": "",
    "list_class": "warning",
    "is_default": false,
    "status": "0",
    "description": "导出操作"
  },
  {
    "dict_sort": 6,
    "dict_label": "导入",
    "dict_value": "6",
    "dict_type": "sys_oper_type",
    "dict_type_id": 5,
    "css_class": "",
    "list_class": "warning",
    "is_default": false,
    "status": "0",
    "description": "导入操作"
  },
  {
    "dict_sort": 7,
    "dict_label": "强退",
    "dict_value": "7",
    "dict_type": "sys_oper_type",
    "dict_type_id": 5,
    "css_class": "",
    "list_class": "danger",
    "is_default": false,
    "status": "0",
    "description": "强退操作"
  },
  {
    "dict_sort": 8,
    "dict_label": "生成代码",
    "dict_value": "8",
    "dict_type": "sys_oper_type",
    "dict_type_id": 5,
    "css_class": "",
    "list_class": "warning",
    "is_default": false,
    "status": "0",
    "description": "生成操作"
  },
  {
    "dict_sort": 9,
    "dict_label": "清空数据",
    "dict_value": "9",
    "dict_type": "sys_oper_type",
    "dict_type_id": 5,
    "css_class": "",
    "list_class": "danger",
    "is_default": false,
    "status": "0",
    "description": "清空操作"
  },
  {
    "dict_sort": 1,
    "dict_label": "默认(Memory)",
    "dict_value": "default",
    "dict_type": "sys_job_store",
    "dict_type_id": 6,
    "css_class": "",
    "list_class": null,
    "is_default": true,
    "status": "0",
    "description": "默认分组"
  },
  {
    "dict_sort": 2,
    "dict_label": "数据库(Sqlalchemy)",
    "dict_value": "sqlalchemy",
    "dict_type": "sys_job_store",
    "dict_type_id": 6,
    "css_class": "",
    "list_class": null,
    "is_default": false,
    "status": "0",
    "description": "数据库分组"
  },
  {
    "dict_sort": 3,
    "dict_label": "数据库(Redis)",
    "dict_value": "redis",
    "dict_type": "sys_job_store",
    "dict_type_id": 6,
    "css_class": "",
    "list_class": null,
    "is_default": false,
    "status": "0",
    "description": "reids分组"
  },
  {
    "dict_sort": 1,
    "dict_label": "线程池",
    "dict_value": "default",
    "dict_type": "sys_job_executor",
    "dict_type_id": 7,
    "css_class": "",
    "list_class": null,
    "is_default": false,
    "status": "0",
    "description": "线程池"
  },
  {
    "dict_sort": 2,
    "dict_label": "进程池",
    "dict_value": "processpool",
    "dict_type": "sys_job_executor",
    "dict_type_id": 7,
    "css_class": "",
    "list_class": null,
    "is_default": false,
    "status": "0",
    "description": "进程池"
  },
  {
    "dict_sort": 1,
    "dict_label": "演示函数",
    "dict_value": "scheduler_test.job",
    "dict_type": "sys_job_function",
    "dict_type_id": 8,
    "css_class": "",
    "list_class": null,
    "is_default": true,
    "status": "0",
    "description": "演示函数"
  },
  {
    "dict_sort": 1,
    "dict_label": "指定日期(date)",
    "dict_value": "date",
    "dict_type": "sys_job_trigger",
    "dict_type_id": 9,
    "css_class": "",
    "list_class": null,
    "is_default": true,
    "status": "0",
    "description": "指定日期任务触发器"
  },
  {
    "dict_sort": 2,
    "dict_label": "间隔触发器(interval)",
    "dict_value": "interval",
    "dict_type": "sys_job_trigger",
    "dict_type_id": 9,
    "css_class": "",
    "list_class": null,
    "is_default": false,
    "status": "0",
    "description": "间隔触发器任务触发器"
  },
  {
    "dict_sort": 3,
    "dict_label": "cron表达式",
    "dict_value": "cron",
    "dict_type": "sys_job_trigger",
    "dict_type_id": 9,
    "css_class": "",
    "list_class": null,
    "is_default": false,
    "status": "0",
    "description": "间隔触发器任务触发器"
  },
  {
    "dict_sort": 1,
    "dict_label": "默认(default)",
    "dict_value": "default",
    "dict_type": "sys_list_class",
    "dict_type_id": 10,
    "css_class": "",
    "list_class": null,
    "is_default": true,
    "status": "0",
    "description": "默认表格回显样式"
  },
  {
    "dict_sort": 2,
    "dict_label": "主要(primary)",
    "dict_value": "primary",
    "dict_type": "sys_list_class",
    "dict_type_id": 10,
    "css_class": "",
    "list_class": null,
    "is_default": false,
    "status": "0",
    "description": "主要表格回显样式"
  },
  {
    "dict_sort": 3,
    "dict_label": "成功(success)",
    "dict_value": "success",
    "dict_type": "sys_list_class",
    "dict_type_id": 10,
    "css_class": "",
    "list_class": null,
    "is_default": false,
    "status": "0",
    "description": "成功表格回显样式"
  },
  {
    "dict_sort": 4,
    "dict_label": "信息(info)",
    "dict_value": "info",
    "dict_type": "sys_list_class",
    "dict_type_id": 10,
    "css_class": "",
    "list_class": null,
    "is_default": false,
    "status": "0",
    "description": "信息表格回显样式"
  },
  {
    "dict_sort": 5,
    "dict_label": "警告(warning)",
    "dict_value": "warning",
    "dict_type": "sys_list_class",
    "dict_type_id": 10,
    "css_class": "",
    "list_class": null,
    "is_default": false,
    "status": "0",
    "description": "警告表格回显样式"
  },
  {
    "dict_sort": 6,
    "dict_label": "危险(danger)",
    "dict_value": "danger",
    "dict_type": "sys_list_class",
    "dict_type_id": 10,
    "css_class": "",
    "list_class": null,
    "is_default": false,
    "status": "0",
    "description": "危险表格回显样式"
  }
]