[
  {
    "dict_name": "用户性别",
    "dict_type": "sys_user_sex",
    "status": "0",
    "description": "用户性别列表"
  },
  {
    "dict_name": "系统是否",
    "dict_type": "sys_yes_no",
    "status": "0",
    "description": "系统是否列表"
  },
  {
    "dict_name": "系统状态",
    "dict_type": "sys_common_status",
    "status": "0",
    "description": "系统状态"
  },
  {
    "dict_name": "通知类型",
    "dict_type": "sys_notice_type",
    "status": "0",
    "description": "通知类型列表"
  },
  {
    "dict_name": "操作类型",
    "dict_type": "sys_oper_type",
    "status": "0",
    "description": "操作类型列表"
  },
  {
    "dict_name": "任务存储器",
    "dict_type": "sys_job_store",
    "status": "0",
    "description": "任务分组列表"
  },
  {
    "dict_name": "任务执行器",
    "dict_type": "sys_job_executor",
    "status": "0",
    "description": "任务执行器列表"
  },
  {
    "dict_name": "任务函数",
    "dict_type": "sys_job_function",
    "status": "0",
    "description": "任务函数列表"
  },
  {
    "dict_name": "任务触发器",
    "dict_type": "sys_job_trigger",
    "status": "0",
    "description": "任务触发器列表"
  },
  {
    "dict_name": "表格回显样式",
    "dict_type": "sys_list_class",
    "status": "0",
    "description": "表格回显样式列表"
  }
]
